{"paths": {"admin/js/vendor/select2/i18n/ar.js": "admin\\js\\vendor\\select2\\i18n\\ar.a8bb27ec698c.js", "admin/js/vendor/select2/i18n/az.js": "admin\\js\\vendor\\select2\\i18n\\az.498dc667b34e.js", "admin/js/vendor/select2/i18n/bg.js": "admin\\js\\vendor\\select2\\i18n\\bg.89cba4df3c86.js", "admin/js/vendor/select2/i18n/ca.js": "admin\\js\\vendor\\select2\\i18n\\ca.2eaad4eb1950.js", "admin/js/vendor/select2/i18n/cs.js": "admin\\js\\vendor\\select2\\i18n\\cs.a68bcd293adc.js", "admin/js/vendor/select2/i18n/da.js": "admin\\js\\vendor\\select2\\i18n\\da.cbf897a0ae53.js", "admin/js/vendor/select2/i18n/de.js": "admin\\js\\vendor\\select2\\i18n\\de.366d0aacb55f.js", "admin/js/vendor/select2/i18n/el.js": "admin\\js\\vendor\\select2\\i18n\\el.5629ce65500f.js", "admin/js/vendor/select2/i18n/en.js": "admin\\js\\vendor\\select2\\i18n\\en.05649b26c086.js", "admin/js/vendor/select2/i18n/es.js": "admin\\js\\vendor\\select2\\i18n\\es.dc9dbf9d65df.js", "admin/js/vendor/select2/i18n/et.js": "admin\\js\\vendor\\select2\\i18n\\et.c3953fb90b6b.js", "admin/js/vendor/select2/i18n/eu.js": "admin\\js\\vendor\\select2\\i18n\\eu.11b925456433.js", "admin/js/vendor/select2/i18n/fa.js": "admin\\js\\vendor\\select2\\i18n\\fa.98e52839b583.js", "admin/js/vendor/select2/i18n/fi.js": "admin\\js\\vendor\\select2\\i18n\\fi.659847deefdc.js", "admin/js/vendor/select2/i18n/fr.js": "admin\\js\\vendor\\select2\\i18n\\fr.b06a3340de45.js", "admin/js/vendor/select2/i18n/gl.js": "admin\\js\\vendor\\select2\\i18n\\gl.78a87f7c0a51.js", "admin/js/vendor/select2/i18n/he.js": "admin\\js\\vendor\\select2\\i18n\\he.222d90ee0344.js", "admin/js/vendor/select2/i18n/hi.js": "admin\\js\\vendor\\select2\\i18n\\hi.116a90b7111b.js", "admin/js/vendor/select2/i18n/hr.js": "admin\\js\\vendor\\select2\\i18n\\hr.e1d2c70b4df5.js", "admin/js/vendor/select2/i18n/hu.js": "admin\\js\\vendor\\select2\\i18n\\hu.db45641f10b2.js", "admin/js/vendor/select2/i18n/id.js": "admin\\js\\vendor\\select2\\i18n\\id.6ee6c9c64b94.js", "admin/js/vendor/select2/i18n/is.js": "admin\\js\\vendor\\select2\\i18n\\is.808c7d47acb5.js", "admin/js/vendor/select2/i18n/it.js": "admin\\js\\vendor\\select2\\i18n\\it.bae1661dbb77.js", "admin/js/vendor/select2/i18n/ja.js": "admin\\js\\vendor\\select2\\i18n\\ja.19cf1ce8a03d.js", "admin/js/vendor/select2/i18n/km.js": "admin\\js\\vendor\\select2\\i18n\\km.6074a9c5575c.js", "admin/js/vendor/select2/i18n/ko.js": "admin\\js\\vendor\\select2\\i18n\\ko.74b17541834f.js", "admin/js/vendor/select2/i18n/lt.js": "admin\\js\\vendor\\select2\\i18n\\lt.a0783b1bd159.js", "admin/js/vendor/select2/i18n/lv.js": "admin\\js\\vendor\\select2\\i18n\\lv.07fe2a580d17.js", "admin/js/vendor/select2/i18n/mk.js": "admin\\js\\vendor\\select2\\i18n\\mk.4986d7fc3ff3.js", "admin/js/vendor/select2/i18n/ms.js": "admin\\js\\vendor\\select2\\i18n\\ms.23e7b4369579.js", "admin/js/vendor/select2/i18n/nb.js": "admin\\js\\vendor\\select2\\i18n\\nb.137e184004aa.js", "admin/js/vendor/select2/i18n/nl.js": "admin\\js\\vendor\\select2\\i18n\\nl.c363ace8aa05.js", "admin/js/vendor/select2/i18n/pl.js": "admin\\js\\vendor\\select2\\i18n\\pl.76465b54a6b0.js", "admin/js/vendor/select2/i18n/pt-BR.js": "admin\\js\\vendor\\select2\\i18n\\pt-BR.9efbbac4fda8.js", "admin/js/vendor/select2/i18n/pt.js": "admin\\js\\vendor\\select2\\i18n\\pt.5d6ccc53b347.js", "admin/js/vendor/select2/i18n/ro.js": "admin\\js\\vendor\\select2\\i18n\\ro.1ddc2b9980dc.js", "admin/js/vendor/select2/i18n/ru.js": "admin\\js\\vendor\\select2\\i18n\\ru.d83609abf2e0.js", "admin/js/vendor/select2/i18n/sk.js": "admin\\js\\vendor\\select2\\i18n\\sk.a0f1a818d092.js", "admin/js/vendor/select2/i18n/sr-Cyrl.js": "admin\\js\\vendor\\select2\\i18n\\sr-Cyrl.2f3047aad49e.js", "admin/js/vendor/select2/i18n/sr.js": "admin\\js\\vendor\\select2\\i18n\\sr.157bc6eb978e.js", "admin/js/vendor/select2/i18n/sv.js": "admin\\js\\vendor\\select2\\i18n\\sv.2b21bb3f6110.js", "admin/js/vendor/select2/i18n/th.js": "admin\\js\\vendor\\select2\\i18n\\th.2a4ece4c4355.js", "admin/js/vendor/select2/i18n/tr.js": "admin\\js\\vendor\\select2\\i18n\\tr.c1925d8817db.js", "admin/js/vendor/select2/i18n/uk.js": "admin\\js\\vendor\\select2\\i18n\\uk.3d56f311192d.js", "admin/js/vendor/select2/i18n/vi.js": "admin\\js\\vendor\\select2\\i18n\\vi.3520aa7bdea8.js", "admin/js/vendor/select2/i18n/zh-CN.js": "admin\\js\\vendor\\select2\\i18n\\zh-CN.419002d3c6c1.js", "admin/js/vendor/select2/i18n/zh-TW.js": "admin\\js\\vendor\\select2\\i18n\\zh-TW.c021537edf2c.js", "admin/css/vendor/select2/LICENSE-SELECT2.md": "admin\\css\\vendor\\select2\\LICENSE-SELECT2.7cf1de939f3b.md", "admin/css/vendor/select2/select2.css": "admin/css/vendor/select2/select2.3805311d5fc1.css", "admin/css/vendor/select2/select2.min.css": "admin/css/vendor/select2/select2.min.d44571114a90.css", "admin/js/vendor/jquery/jquery.js": "admin\\js\\vendor\\jquery\\jquery.6fb03f669462.js", "admin/js/vendor/jquery/jquery.min.js": "admin\\js\\vendor\\jquery\\jquery.min.9c86871c4213.js", "admin/js/vendor/jquery/LICENSE.txt": "admin\\js\\vendor\\jquery\\LICENSE.a158210a2737.txt", "admin/js/vendor/select2/LICENSE.md": "admin\\js\\vendor\\select2\\LICENSE.7cf1de939f3b.md", "admin/js/vendor/select2/select2.full.js": "admin\\js\\vendor\\select2\\select2.full.a95323cb4760.js", "admin/js/vendor/select2/select2.full.min.js": "admin\\js\\vendor\\select2\\select2.full.min.da607360bcc6.js", "admin/js/vendor/xregexp/LICENSE.txt": "admin\\js\\vendor\\xregexp\\LICENSE.d64cecf4f157.txt", "admin/js/vendor/xregexp/xregexp.js": "admin\\js\\vendor\\xregexp\\xregexp.1865b1cf5085.js", "admin/js/vendor/xregexp/xregexp.min.js": "admin\\js\\vendor\\xregexp\\xregexp.min.c95393b8ca4d.js", "images/portfolio/full/item1.png": "images\\portfolio\\full\\item1.127175e0ffcc.png", "images/portfolio/full/item10.png": "images\\portfolio\\full\\item10.faf6a79e7d76.png", "images/portfolio/full/item11.png": "images\\portfolio\\full\\item11.3d90288c4c9c.png", "images/portfolio/full/item12.png": "images\\portfolio\\full\\item12.4a8935086d07.png", "images/portfolio/full/item2.png": "images\\portfolio\\full\\item2.8180a88f4cc3.png", "images/portfolio/full/item3.png": "images\\portfolio\\full\\item3.38723d05a984.png", "images/portfolio/full/item4.png": "images\\portfolio\\full\\item4.dafd181a3604.png", "images/portfolio/full/item5.png": "images\\portfolio\\full\\item5.302ba61adb64.png", "images/portfolio/full/item6.png": "images\\portfolio\\full\\item6.2862ab8d9a39.png", "images/portfolio/full/item7.png": "images\\portfolio\\full\\item7.a0a37042b470.png", "images/portfolio/full/item8.png": "images\\portfolio\\full\\item8.fc19c5869499.png", "images/portfolio/full/item9.png": "images\\portfolio\\full\\item9.39d23b412960.png", "images/portfolio/recent/item1.png": "images\\portfolio\\recent\\item1.2d0a4ec8b82a.png", "images/portfolio/recent/item10.png": "images\\portfolio\\recent\\item10.3baf64446aef.png", "images/portfolio/recent/item11.png": "images\\portfolio\\recent\\item11.bad3991b857d.png", "images/portfolio/recent/item12.png": "images\\portfolio\\recent\\item12.f596a38f2bc3.png", "images/portfolio/recent/item2.png": "images\\portfolio\\recent\\item2.f1562ab28640.png", "images/portfolio/recent/item3.png": "images\\portfolio\\recent\\item3.e4ff18164f9b.png", "images/portfolio/recent/item4.png": "images\\portfolio\\recent\\item4.902d132c69fe.png", "images/portfolio/recent/item5.png": "images\\portfolio\\recent\\item5.f492cd66cc10.png", "images/portfolio/recent/item6.png": "images\\portfolio\\recent\\item6.9b68bf00e5e2.png", "images/portfolio/recent/item7.png": "images\\portfolio\\recent\\item7.6239f2f421f8.png", "images/portfolio/recent/item8.png": "images\\portfolio\\recent\\item8.21fee15a6fa8.png", "images/portfolio/recent/item9.png": "images\\portfolio\\recent\\item9.98352ca0f191.png", "images/prettyPhoto/dark_rounded/btnNext.png": "images\\prettyPhoto\\dark_rounded\\btnNext.0a89018b6e4a.png", "images/prettyPhoto/dark_rounded/btnPrevious.png": "images\\prettyPhoto\\dark_rounded\\btnPrevious.9ad856574090.png", "images/prettyPhoto/dark_rounded/contentPattern.png": "images\\prettyPhoto\\dark_rounded\\contentPattern.2f2d883ab998.png", "images/prettyPhoto/dark_rounded/default_thumbnail.gif": "images\\prettyPhoto\\dark_rounded\\default_thumbnail.ed52db277173.gif", "images/prettyPhoto/dark_rounded/loader.gif": "images\\prettyPhoto\\dark_rounded\\loader.4297900ae2d9.gif", "images/prettyPhoto/dark_rounded/sprite.png": "images\\prettyPhoto\\dark_rounded\\sprite.272462d6f733.png", "images/prettyPhoto/dark_square/btnNext.png": "images\\prettyPhoto\\dark_square\\btnNext.0a89018b6e4a.png", "images/prettyPhoto/dark_square/btnPrevious.png": "images\\prettyPhoto\\dark_square\\btnPrevious.9ad856574090.png", "images/prettyPhoto/dark_square/contentPattern.png": "images\\prettyPhoto\\dark_square\\contentPattern.6660e3acf852.png", "images/prettyPhoto/dark_square/default_thumbnail.gif": "images\\prettyPhoto\\dark_square\\default_thumbnail.ed52db277173.gif", "images/prettyPhoto/dark_square/loader.gif": "images\\prettyPhoto\\dark_square\\loader.4297900ae2d9.gif", "images/prettyPhoto/dark_square/sprite.png": "images\\prettyPhoto\\dark_square\\sprite.6b2560083983.png", "images/prettyPhoto/default/default_thumb.png": "images\\prettyPhoto\\default\\default_thumb.8a3e7c798030.png", "images/prettyPhoto/default/loader.gif": "images\\prettyPhoto\\default\\loader.8393c5f7e394.gif", "images/prettyPhoto/default/sprite.png": "images\\prettyPhoto\\default\\sprite.f814686dca48.png", "images/prettyPhoto/default/sprite_next.png": "images\\prettyPhoto\\default\\sprite_next.b903c8c15dff.png", "images/prettyPhoto/default/sprite_prev.png": "images\\prettyPhoto\\default\\sprite_prev.bf55ea7dede2.png", "images/prettyPhoto/default/sprite_x.png": "images\\prettyPhoto\\default\\sprite_x.26b97559a522.png", "images/prettyPhoto/default/sprite_y.png": "images\\prettyPhoto\\default\\sprite_y.096e04fbfb47.png", "images/prettyPhoto/facebook/btnNext.png": "images\\prettyPhoto\\facebook\\btnNext.b8d4bf8440aa.png", "images/prettyPhoto/facebook/btnPrevious.png": "images\\prettyPhoto\\facebook\\btnPrevious.b251170307bc.png", "images/prettyPhoto/facebook/contentPatternBottom.png": "images\\prettyPhoto\\facebook\\contentPatternBottom.a6fab9b4551a.png", "images/prettyPhoto/facebook/contentPatternLeft.png": "images\\prettyPhoto\\facebook\\contentPatternLeft.3b7f995669ad.png", "images/prettyPhoto/facebook/contentPatternRight.png": "images\\prettyPhoto\\facebook\\contentPatternRight.74bfb933f639.png", "images/prettyPhoto/facebook/contentPatternTop.png": "images\\prettyPhoto\\facebook\\contentPatternTop.c2e5c4ec6fc9.png", "images/prettyPhoto/facebook/default_thumbnail.gif": "images\\prettyPhoto\\facebook\\default_thumbnail.ed52db277173.gif", "images/prettyPhoto/facebook/loader.gif": "images\\prettyPhoto\\facebook\\loader.df4699304457.gif", "images/prettyPhoto/facebook/sprite.png": "images\\prettyPhoto\\facebook\\sprite.a157ef765ce8.png", "images/prettyPhoto/light_rounded/btnNext.png": "images\\prettyPhoto\\light_rounded\\btnNext.0a89018b6e4a.png", "images/prettyPhoto/light_rounded/btnPrevious.png": "images\\prettyPhoto\\light_rounded\\btnPrevious.9ad856574090.png", "images/prettyPhoto/light_rounded/default_thumbnail.gif": "images\\prettyPhoto\\light_rounded\\default_thumbnail.ed52db277173.gif", "images/prettyPhoto/light_rounded/loader.gif": "images\\prettyPhoto\\light_rounded\\loader.df4699304457.gif", "images/prettyPhoto/light_rounded/sprite.png": "images\\prettyPhoto\\light_rounded\\sprite.45b32c620cfb.png", "images/prettyPhoto/light_square/btnNext.png": "images\\prettyPhoto\\light_square\\btnNext.0a89018b6e4a.png", "images/prettyPhoto/light_square/btnPrevious.png": "images\\prettyPhoto\\light_square\\btnPrevious.9ad856574090.png", "images/prettyPhoto/light_square/default_thumbnail.gif": "images\\prettyPhoto\\light_square\\default_thumbnail.ed52db277173.gif", "images/prettyPhoto/light_square/loader.gif": "images\\prettyPhoto\\light_square\\loader.df4699304457.gif", "images/prettyPhoto/light_square/sprite.png": "images\\prettyPhoto\\light_square\\sprite.6b2560083983.png", "admin/img/gis/move_vertex_off.svg": "admin\\img\\gis\\move_vertex_off.7a23bf31ef8a.svg", "admin/img/gis/move_vertex_on.svg": "admin\\img\\gis\\move_vertex_on.0047eba25b67.svg", "admin/js/admin/DateTimeShortcuts.js": "admin\\js\\admin\\DateTimeShortcuts.efa703f6f0b3.js", "admin/js/admin/RelatedObjectLookups.js": "admin\\js\\admin\\RelatedObjectLookups.ea0683bea064.js", "css/img/bx_loader.gif": "css\\img\\bx_loader.931bdb6b5081.gif", "css/img/controls.png": "css\\img\\controls.d9d25372f38c.png", "images/about/man1.jpg": "images\\about\\man1.3b7d46f56e24.jpg", "images/about/man2.jpg": "images\\about\\man2.048f8a208721.jpg", "images/about/man3.jpg": "images\\about\\man3.0ab0e317d9bb.jpg", "images/about/man4.jpg": "images\\about\\man4.3e640b5d908a.jpg", "images/blog/avatar.jpg": "images\\blog\\avatar.7c43fd4b01aa.jpg", "images/blog/avatar1.png": "images\\blog\\avatar1.9ea385063841.png", "images/blog/avatar2.png": "images\\blog\\avatar2.b9445560ea63.png", "images/blog/avatar3.png": "images\\blog\\avatar3.e21a5257e0cd.png", "images/blog/blog1.jpg": "images\\blog\\blog1.90397e71f71c.jpg", "images/blog/blog2.jpg": "images\\blog\\blog2.c07c8996c7c7.jpg", "images/blog/boy.png": "images\\blog\\boy.504bdc995d37.png", "images/blog/boy2.png": "images\\blog\\boy2.50db8007b020.png", "images/blog/boy3.png": "images\\blog\\boy3.2a2198bbe5d4.png", "images/blog/comments_bg.png": "images\\blog\\comments_bg.b81783b38ea2.png", "images/blog/gallery1.png": "images\\blog\\gallery1.9e57ebeee6b9.png", "images/blog/gallery2.png": "images\\blog\\gallery2.c7335bdd12a1.png", "images/blog/gallery3.png": "images\\blog\\gallery3.8b8da58e8351.png", "images/blog/gallery4.png": "images\\blog\\gallery4.ee83bc310902.png", "images/blog/gallery5.png": "images\\blog\\gallery5.751c3885e86d.png", "images/blog/gallery6.png": "images\\blog\\gallery6.b3dacb6aa1b9.png", "images/blog/girl.png": "images\\blog\\girl.c6298a486d40.png", "images/blog/thumb1.jpg": "images\\blog\\thumb1.22b0b687375b.jpg", "images/blog/thumb2.jpg": "images\\blog\\thumb2.40193b977646.jpg", "images/blog/thumb3.jpg": "images\\blog\\thumb3.90e4b9ce27af.jpg", "images/services/1.jpg": "images\\services\\1.0862629b807e.jpg", "images/services/2.png": "images\\services\\2.50db8007b020.png", "images/services/3.png": "images\\services\\3.504bdc995d37.png", "images/services/4.png": "images\\services\\4.2a2198bbe5d4.png", "images/slider/1.jpg": "images\\slider\\1.a360d7112c64.jpg", "images/slider/2.jpg": "images\\slider\\2.330c516360ed.jpg", "images/slider/3.jpg": "images\\slider\\3.f350d7d8a95c.jpg", "js/fancybox/blank.gif": "js\\fancybox\\blank.325472601571.gif", "js/fancybox/Descr.WD3": "js\\fancybox\\Descr.217a1e8cb76f.WD3", "js/fancybox/fancybox_loading.gif": "js\\fancybox\\fancybox_loading.328cc0f6c782.gif", "js/fancybox/fancybox_loading_402x.gif": "js\\fancybox\\fancybox_loading_402x.f92938639fa8.gif", "js/fancybox/fancybox_overlay.png": "js\\fancybox\\fancybox_overlay.77aeaa52715b.png", "js/fancybox/fancybox_sprite.png": "js\\fancybox\\fancybox_sprite.783d4031fe50.png", "js/fancybox/fancybox_sprite_402x.png": "js\\fancybox\\fancybox_sprite_402x.ed9970ce2224.png", "js/fancybox/jquery.fancybox.css": "js/fancybox/jquery.fancybox.6dc50ed18ba6.css", "js/fancybox/jquery.fancybox.pack.js": "js\\fancybox\\jquery.fancybox.pack.0ca8cd384931.js", "django_extensions/css/jquery.autocomplete.css": "django_extensions/css/jquery.autocomplete.1a774d452e48.css", "django_extensions/img/indicator.gif": "django_extensions\\img\\indicator.03ce3dcc84af.gif", "django_extensions/js/jquery.ajaxQueue.js": "django_extensions\\js\\jquery.ajaxQueue.ac504621bdd8.js", "django_extensions/js/jquery.autocomplete.js": "django_extensions\\js\\jquery.autocomplete.26e55daaf7c5.js", "django_extensions/js/jquery.bgiframe.js": "django_extensions\\js\\jquery.bgiframe.a9cca145411c.js", "admin/css/autocomplete.css": "admin/css/autocomplete.781713f30664.css", "admin/css/base.css": "admin/css/base.ae33e6383baa.css", "admin/css/changelists.css": "admin/css/changelists.f6dc691f8d62.css", "admin/css/dashboard.css": "admin/css/dashboard.7ac78187c567.css", "admin/css/fonts.css": "admin/css/fonts.168bab448fee.css", "admin/css/forms.css": "admin/css/forms.31b2f650d92e.css", "admin/css/login.css": "admin/css/login.252ffabd6548.css", "admin/css/responsive.css": "admin/css/responsive.3a465780d49f.css", "admin/css/responsive_rtl.css": "admin/css/responsive_rtl.51c7445ceeff.css", "admin/css/rtl.css": "admin/css/rtl.30f903442dc5.css", "admin/css/widgets.css": "admin/css/widgets.5e372b41c483.css", "admin/fonts/LICENSE.txt": "admin\\fonts\\LICENSE.d273d63619c9.txt", "admin/fonts/README.txt": "admin\\fonts\\README.ab99e6b541ea.txt", "admin/fonts/Roboto-Bold-webfont.woff": "admin\\fonts\\Roboto-Bold-webfont.50d75e48e0a3.woff", "admin/fonts/Roboto-Light-webfont.woff": "admin\\fonts\\Roboto-Light-webfont.c73eb1ceba33.woff", "admin/fonts/Roboto-Regular-webfont.woff": "admin\\fonts\\Roboto-Regular-webfont.35b07eb2f871.woff", "admin/img/calendar-icons.svg": "admin\\img\\calendar-icons.39b290681a8b.svg", "admin/img/icon-addlink.svg": "admin\\img\\icon-addlink.d519b3bab011.svg", "admin/img/icon-alert.svg": "admin\\img\\icon-alert.034cc7d8a67f.svg", "admin/img/icon-calendar.svg": "admin\\img\\icon-calendar.ac7aea671bea.svg", "admin/img/icon-changelink.svg": "admin\\img\\icon-changelink.18d2fd706348.svg", "admin/img/icon-clock.svg": "admin\\img\\icon-clock.e1d4dfac3f2b.svg", "admin/img/icon-deletelink.svg": "admin\\img\\icon-deletelink.564ef9dc3854.svg", "admin/img/icon-no.svg": "admin\\img\\icon-no.439e821418cd.svg", "admin/img/icon-unknown-alt.svg": "admin\\img\\icon-unknown-alt.81536e128bb6.svg", "admin/img/icon-unknown.svg": "admin\\img\\icon-unknown.a18cb4398978.svg", "admin/img/icon-viewlink.svg": "admin\\img\\icon-viewlink.41eb31f7826e.svg", "admin/img/icon-yes.svg": "admin\\img\\icon-yes.d2f9f035226a.svg", "admin/img/inline-delete.svg": "admin\\img\\inline-delete.fec1b761f254.svg", "admin/img/LICENSE": "admin\\img\\LICENSE.2c54f4e1ca1c", "admin/img/README.txt": "admin\\img\\README.a70711a38d87.txt", "admin/img/search.svg": "admin\\img\\search.7cf54ff789c6.svg", "admin/img/selector-icons.svg": "admin\\img\\selector-icons.b4555096cea2.svg", "admin/img/sorting-icons.svg": "admin\\img\\sorting-icons.3a097b59f104.svg", "admin/img/tooltag-add.svg": "admin\\img\\tooltag-add.e59d620a9742.svg", "admin/img/tooltag-arrowright.svg": "admin\\img\\tooltag-arrowright.bbfb788a849e.svg", "admin/js/actions.js": "admin\\js\\actions.8d83e3af0fbd.js", "admin/js/actions.min.js": "admin\\js\\actions.min.5fa8cb0403f1.js", "admin/js/autocomplete.js": "admin\\js\\autocomplete.cfd2c4dc8981.js", "admin/js/calendar.js": "admin\\js\\calendar.aae57adab5f6.js", "admin/js/cancel.js": "admin\\js\\cancel.a2c3149a1c5e.js", "admin/js/change_form.js": "admin\\js\\change_form.9e85003a1a38.js", "admin/js/collapse.js": "admin\\js\\collapse.c5b851e91226.js", "admin/js/collapse.min.js": "admin\\js\\collapse.min.44dfdb427845.js", "admin/js/core.js": "admin\\js\\core.a004ed25a257.js", "admin/js/inlines.js": "admin\\js\\inlines.12d1af430335.js", "admin/js/inlines.min.js": "admin\\js\\inlines.min.4d23f8660b21.js", "admin/js/jquery.init.js": "admin\\js\\jquery.init.95b62fa19378.js", "admin/js/popup_response.js": "admin\\js\\popup_response.6ce3197f8fc8.js", "admin/js/prepopulate.js": "admin\\js\\prepopulate.2f90da7170ec.js", "admin/js/prepopulate.min.js": "admin\\js\\prepopulate.min.85fd5e0fb706.js", "admin/js/prepopulate_init.js": "admin\\js\\prepopulate_init.0d3b53c37074.js", "admin/js/SelectBox.js": "admin\\js\\SelectBox.99d0cfd2e80c.js", "admin/js/SelectFilter2.js": "admin\\js\\SelectFilter2.32ea9335ce47.js", "admin/js/timeparse.js": "admin\\js\\timeparse.51258861a46a.js", "admin/js/urlify.js": "admin\\js\\urlify.67bae52223e0.js", "css/animate.css": "css/animate.d71c282242da.css", "css/animate.min.css": "css/animate.min.3c3256fa87f4.css", "css/bootstrap-theme.css": "css/bootstrap-theme.09e204441415.css", "css/bootstrap-theme.css.map": "css\\bootstrap-theme.css.006d9779ee60.map", "css/bootstrap-theme.min.css": "css/bootstrap-theme.min.efdf9b8e5781.css", "css/bootstrap.css": "css/bootstrap.69b5c76ea1b2.css", "css/bootstrap.css.map": "css\\bootstrap.css.5206fb32306f.map", "css/bootstrap.min.css": "css/bootstrap.min.e2a8592c1662.css", "css/font-awesome.css": "css/font-awesome.b2d010f21c39.css", "css/font-awesome.min.css": "css/font-awesome.min.9c954c211c6a.css", "css/isotope.css": "css/isotope.0e2b08f33c0c.css", "css/jquery.bxslider.css": "css/jquery.bxslider.e0fdaf42865b.css", "css/overwrite.css": "css/overwrite.1597d12ed3f0.css", "css/prettyPhoto.css": "css/prettyPhoto.7d78e5bc8613.css", "css/style.css": "css/style.3a098b6abdf0.css", "fonts/fontawesome-webfont.eot": "fonts/fontawesome-webfont.8b27bc96115c.eot", "fonts/fontawesome-webfont.svg": "fonts/fontawesome-webfont.b526f0637e91.svg", "fonts/fontawesome-webfont.ttf": "fonts/fontawesome-webfont.dcb26c7239d8.ttf", "fonts/fontawesome-webfont.woff": "fonts/fontawesome-webfont.3293616ec0c6.woff", "fonts/FontAwesome.otf": "fonts/FontAwesome.3f3a623e88cb.otf", "fonts/glyphicons-halflings-regular.eot": "fonts/glyphicons-halflings-regular.7ad17c6085de.eot", "fonts/glyphicons-halflings-regular.svg": "fonts/glyphicons-halflings-regular.9205b7c124d2.svg", "fonts/glyphicons-halflings-regular.ttf": "fonts/glyphicons-halflings-regular.e49d52e74b76.ttf", "fonts/glyphicons-halflings-regular.woff": "fonts/glyphicons-halflings-regular.68ed1dac06bf.woff", "images/5.jpg": "images/5.37772c49e2cc.jpg", "images/6.jpg": "images/6.81b15ebea174.jpg", "js/bootstrap.js": "js/bootstrap.a55c66fbd2d5.js", "js/bootstrap.min.js": "js/bootstrap.min.5dcb19dbdb18.js", "js/component.js": "js/component.69aeeea1add9.js", "js/functions.js": "js/functions.45cd69aa9293.js", "js/jquery-2.1.1.min.js": "js/jquery-2.1.1.min.9a094379d98c.js", "js/jquery.bxslider.min.js": "js/jquery.bxslider.min.7658757f3908.js", "js/jquery.easing.1.3.js": "js/jquery.easing.1.3.a6f75e0c043a.js", "js/jquery.isotope.min.js": "js/jquery.isotope.min.38c5167c8052.js", "js/jquery.prettyPhoto.js": "js/jquery.prettyPhoto.573d790f88a0.js", "js/wow.min.js": "js/wow.min.08e00577c856.js"}, "version": "1.0"}